[
{
  "model": "admin.logentry",
  "pk": 1,
  "fields": {
    "action_time": "2026-06-26T21:02:23.071Z",
    "user": 1,
    "content_type": 7,
    "object_id": "1",
    "object_repr": "Patatoes",
    "action_flag": 1,
    "change_message": "[{\"added\": {}}]"
  }
},
{
  "model": "admin.logentry",
  "pk": 2,
  "fields": {
    "action_time": "2026-06-26T21:03:18.390Z",
    "user": 1,
    "content_type": 7,
    "object_id": "2",
    "object_repr": "Carrot",
    "action_flag": 1,
    "change_message": "[{\"added\": {}}]"
  }
},
{
  "model": "admin.logentry",
  "pk": 3,
  "fields": {
    "action_time": "2026-06-27T13:54:24.354Z",
    "user": 1,
    "content_type": 7,
    "object_id": "3",
    "object_repr": "Tomatoe",
    "action_flag": 1,
    "change_message": "[{\"added\": {}}]"
  }
},
{
  "model": "admin.logentry",
  "pk": 4,
  "fields": {
    "action_time": "2026-06-27T14:00:15.565Z",
    "user": 1,
    "content_type": 8,
    "object_id": "1",
    "object_repr": "Tunde Joseph",
    "action_flag": 1,
    "change_message": "[{\"added\": {}}]"
  }
},
{
  "model": "admin.logentry",
  "pk": 5,
  "fields": {
    "action_time": "2026-06-27T14:01:22.203Z",
    "user": 1,
    "content_type": 8,
    "object_id": "2",
    "object_repr": "Babayo Ali",
    "action_flag": 1,
    "change_message": "[{\"added\": {}}]"
  }
},
{
  "model": "admin.logentry",
  "pk": 6,
  "fields": {
    "action_time": "2026-06-27T14:03:18.931Z",
    "user": 1,
    "content_type": 9,
    "object_id": "1",
    "object_repr": "GH-001",
    "action_flag": 1,
    "change_message": "[{\"added\": {}}]"
  }
},
{
  "model": "admin.logentry",
  "pk": 7,
  "fields": {
    "action_time": "2026-06-27T14:03:51.043Z",
    "user": 1,
    "content_type": 9,
    "object_id": "2",
    "object_repr": "GH-002",
    "action_flag": 1,
    "change_message": "[{\"added\": {}}]"
  }
},
{
  "model": "admin.logentry",
  "pk": 8,
  "fields": {
    "action_time": "2026-06-27T14:04:15.396Z",
    "user": 1,
    "content_type": 9,
    "object_id": "3",
    "object_repr": "Shed net",
    "action_flag": 1,
    "change_message": "[{\"added\": {}}]"
  }
},
{
  "model": "admin.logentry",
  "pk": 9,
  "fields": {
    "action_time": "2026-06-27T14:05:00.650Z",
    "user": 1,
    "content_type": 10,
    "object_id": "1",
    "object_repr": "Harvest object (1)",
    "action_flag": 1,
    "change_message": "[{\"added\": {}}]"
  }
},
{
  "model": "admin.logentry",
  "pk": 10,
  "fields": {
    "action_time": "2026-06-27T14:06:21.227Z",
    "user": 1,
    "content_type": 10,
    "object_id": "2",
    "object_repr": "Harvest object (2)",
    "action_flag": 1,
    "change_message": "[{\"added\": {}}]"
  }
},
{
  "model": "admin.logentry",
  "pk": 11,
  "fields": {
    "action_time": "2026-06-27T15:32:34.770Z",
    "user": 1,
    "content_type": 10,
    "object_id": "3",
    "object_repr": "Harvest object (3)",
    "action_flag": 1,
    "change_message": "[{\"added\": {}}]"
  }
},
{
  "model": "admin.logentry",
  "pk": 12,
  "fields": {
    "action_time": "2026-06-27T16:31:05.866Z",
    "user": 1,
    "content_type": 7,
    "object_id": "4",
    "object_repr": "Cucumber",
    "action_flag": 1,
    "change_message": "[{\"added\": {}}]"
  }
},
{
  "model": "admin.logentry",
  "pk": 13,
  "fields": {
    "action_time": "2026-06-27T16:31:36.549Z",
    "user": 1,
    "content_type": 8,
    "object_id": "3",
    "object_repr": "Wilfred Mathias",
    "action_flag": 1,
    "change_message": "[{\"added\": {}}]"
  }
},
{
  "model": "admin.logentry",
  "pk": 14,
  "fields": {
    "action_time": "2026-06-27T16:32:48.825Z",
    "user": 1,
    "content_type": 10,
    "object_id": "4",
    "object_repr": "Cucumber",
    "action_flag": 1,
    "change_message": "[{\"added\": {}}]"
  }
},
{
  "model": "admin.logentry",
  "pk": 15,
  "fields": {
    "action_time": "2026-07-02T11:33:44.416Z",
    "user": 1,
    "content_type": 11,
    "object_id": "1",
    "object_repr": "None - Bed 1",
    "action_flag": 1,
    "change_message": "[{\"added\": {}}]"
  }
},
{
  "model": "admin.logentry",
  "pk": 16,
  "fields": {
    "action_time": "2026-07-03T17:55:43.685Z",
    "user": 1,
    "content_type": 7,
    "object_id": "2",
    "object_repr": "Carrot",
    "action_flag": 2,
    "change_message": "[{\"changed\": {\"fields\": [\"Scientific name\", \"Description\"]}}]"
  }
},
{
  "model": "admin.logentry",
  "pk": 17,
  "fields": {
    "action_time": "2026-07-03T17:56:23.803Z",
    "user": 1,
    "content_type": 7,
    "object_id": "4",
    "object_repr": "Cucumber",
    "action_flag": 2,
    "change_message": "[{\"changed\": {\"fields\": [\"Scientific name\", \"Description\"]}}]"
  }
},
{
  "model": "admin.logentry",
  "pk": 18,
  "fields": {
    "action_time": "2026-07-03T17:56:25.059Z",
    "user": 1,
    "content_type": 7,
    "object_id": "4",
    "object_repr": "Cucumber",
    "action_flag": 2,
    "change_message": "[{\"changed\": {\"fields\": [\"Scientific name\", \"Description\"]}}]"
  }
},
{
  "model": "admin.logentry",
  "pk": 19,
  "fields": {
    "action_time": "2026-07-03T17:56:25.652Z",
    "user": 1,
    "content_type": 7,
    "object_id": "4",
    "object_repr": "Cucumber",
    "action_flag": 2,
    "change_message": "[{\"changed\": {\"fields\": [\"Scientific name\", \"Description\"]}}]"
  }
},
{
  "model": "admin.logentry",
  "pk": 20,
  "fields": {
    "action_time": "2026-07-03T17:56:26.442Z",
    "user": 1,
    "content_type": 7,
    "object_id": "4",
    "object_repr": "Cucumber",
    "action_flag": 2,
    "change_message": "[]"
  }
},
{
  "model": "admin.logentry",
  "pk": 21,
  "fields": {
    "action_time": "2026-07-03T17:56:58.678Z",
    "user": 1,
    "content_type": 7,
    "object_id": "2",
    "object_repr": "Carrot",
    "action_flag": 2,
    "change_message": "[{\"changed\": {\"fields\": [\"Scientific name\"]}}]"
  }
},
{
  "model": "admin.logentry",
  "pk": 22,
  "fields": {
    "action_time": "2026-07-03T18:00:02.327Z",
    "user": 1,
    "content_type": 12,
    "object_id": "1",
    "object_repr": "Cucumber - Stilo",
    "action_flag": 1,
    "change_message": "[{\"added\": {}}]"
  }
},
{
  "model": "admin.logentry",
  "pk": 23,
  "fields": {
    "action_time": "2026-07-03T18:02:08.240Z",
    "user": 1,
    "content_type": 12,
    "object_id": "2",
    "object_repr": "Tomatoe - Eva",
    "action_flag": 1,
    "change_message": "[{\"added\": {}}]"
  }
},
{
  "model": "admin.logentry",
  "pk": 24,
  "fields": {
    "action_time": "2026-07-03T18:50:24.167Z",
    "user": 1,
    "content_type": 20,
    "object_id": "1",
    "object_repr": "GH-001 - Bay 1",
    "action_flag": 1,
    "change_message": "[{\"added\": {}}]"
  }
},
{
  "model": "admin.logentry",
  "pk": 25,
  "fields": {
    "action_time": "2026-07-03T18:51:04.957Z",
    "user": 1,
    "content_type": 20,
    "object_id": "2",
    "object_repr": "Shed net - bay 2",
    "action_flag": 1,
    "change_message": "[{\"added\": {}}]"
  }
},
{
  "model": "admin.logentry",
  "pk": 26,
  "fields": {
    "action_time": "2026-07-03T18:52:09.555Z",
    "user": 1,
    "content_type": 11,
    "object_id": "2",
    "object_repr": "None - h123445 - h500",
    "action_flag": 1,
    "change_message": "[{\"added\": {}}]"
  }
},
{
  "model": "admin.logentry",
  "pk": 27,
  "fields": {
    "action_time": "2026-07-03T18:57:24.035Z",
    "user": 1,
    "content_type": 11,
    "object_id": "3",
    "object_repr": "None - gh89oo - h500788",
    "action_flag": 1,
    "change_message": "[{\"added\": {}}]"
  }
},
{
  "model": "admin.logentry",
  "pk": 28,
  "fields": {
    "action_time": "2026-07-03T18:58:48.309Z",
    "user": 1,
    "content_type": 9,
    "object_id": "3",
    "object_repr": "h290 - Shed net",
    "action_flag": 2,
    "change_message": "[{\"changed\": {\"fields\": [\"Greenhouse code\", \"Location\", \"Length m\", \"Width m\"]}}]"
  }
},
{
  "model": "admin.logentry",
  "pk": 29,
  "fields": {
    "action_time": "2026-07-03T19:00:43.352Z",
    "user": 1,
    "content_type": 9,
    "object_id": "2",
    "object_repr": "g78 - GH-002",
    "action_flag": 2,
    "change_message": "[{\"changed\": {\"fields\": [\"Greenhouse code\", \"Location\", \"Length m\", \"Width m\"]}}]"
  }
},
{
  "model": "admin.logentry",
  "pk": 30,
  "fields": {
    "action_time": "2026-07-03T19:01:15.734Z",
    "user": 1,
    "content_type": 9,
    "object_id": "1",
    "object_repr": "gy78 - GH-001",
    "action_flag": 2,
    "change_message": "[{\"changed\": {\"fields\": [\"Greenhouse code\", \"Location\", \"Length m\", \"Width m\"]}}]"
  }
},
{
  "model": "admin.logentry",
  "pk": 31,
  "fields": {
    "action_time": "2026-07-03T20:08:37.731Z",
    "user": 1,
    "content_type": 19,
    "object_id": "1",
    "object_repr": "First season",
    "action_flag": 1,
    "change_message": "[{\"added\": {}}]"
  }
},
{
  "model": "admin.logentry",
  "pk": 32,
  "fields": {
    "action_time": "2026-07-03T20:10:59.789Z",
    "user": 1,
    "content_type": 21,
    "object_id": "1",
    "object_repr": "ns235t",
    "action_flag": 1,
    "change_message": "[{\"added\": {}}]"
  }
},
{
  "model": "admin.logentry",
  "pk": 33,
  "fields": {
    "action_time": "2026-07-03T20:12:13.970Z",
    "user": 1,
    "content_type": 25,
    "object_id": "1",
    "object_repr": "pcwe45",
    "action_flag": 1,
    "change_message": "[{\"added\": {}}]"
  }
},
{
  "model": "admin.logentry",
  "pk": 34,
  "fields": {
    "action_time": "2026-07-04T08:39:01.106Z",
    "user": 1,
    "content_type": 25,
    "object_id": "2",
    "object_repr": "1",
    "action_flag": 1,
    "change_message": "[{\"added\": {}}]"
  }
},
{
  "model": "admin.logentry",
  "pk": 35,
  "fields": {
    "action_time": "2026-07-04T08:52:52.487Z",
    "user": 1,
    "content_type": 25,
    "object_id": "3",
    "object_repr": "2",
    "action_flag": 1,
    "change_message": "[{\"added\": {}}]"
  }
},
{
  "model": "admin.logentry",
  "pk": 36,
  "fields": {
    "action_time": "2026-07-04T09:00:34.334Z",
    "user": 1,
    "content_type": 18,
    "object_id": "1",
    "object_repr": "Vegetables",
    "action_flag": 1,
    "change_message": "[{\"added\": {}}]"
  }
},
{
  "model": "admin.logentry",
  "pk": 37,
  "fields": {
    "action_time": "2026-07-04T09:01:02.363Z",
    "user": 1,
    "content_type": 18,
    "object_id": "2",
    "object_repr": "Tuba",
    "action_flag": 1,
    "change_message": "[{\"added\": {}}]"
  }
},
{
  "model": "admin.logentry",
  "pk": 38,
  "fields": {
    "action_time": "2026-07-04T09:01:55.493Z",
    "user": 1,
    "content_type": 7,
    "object_id": "1",
    "object_repr": "Patatoes",
    "action_flag": 2,
    "change_message": "[{\"changed\": {\"fields\": [\"Scientific name\", \"Description\"]}}]"
  }
},
{
  "model": "admin.logentry",
  "pk": 39,
  "fields": {
    "action_time": "2026-07-04T09:02:13.547Z",
    "user": 1,
    "content_type": 7,
    "object_id": "3",
    "object_repr": "Tomatoe",
    "action_flag": 2,
    "change_message": "[{\"changed\": {\"fields\": [\"Scientific name\", \"Description\"]}}]"
  }
},
{
  "model": "admin.logentry",
  "pk": 40,
  "fields": {
    "action_time": "2026-07-04T09:30:55.781Z",
    "user": 1,
    "content_type": 26,
    "object_id": "1",
    "object_repr": "1 - h500",
    "action_flag": 1,
    "change_message": "[{\"added\": {}}]"
  }
},
{
  "model": "admin.logentry",
  "pk": 41,
  "fields": {
    "action_time": "2026-07-04T09:31:53.397Z",
    "user": 1,
    "content_type": 14,
    "object_id": "1",
    "object_repr": "G-A",
    "action_flag": 1,
    "change_message": "[{\"added\": {}}]"
  }
},
{
  "model": "admin.logentry",
  "pk": 42,
  "fields": {
    "action_time": "2026-07-04T09:32:34.911Z",
    "user": 1,
    "content_type": 14,
    "object_id": "2",
    "object_repr": "G-B",
    "action_flag": 1,
    "change_message": "[{\"added\": {}}]"
  }
},
{
  "model": "admin.logentry",
  "pk": 43,
  "fields": {
    "action_time": "2026-07-04T09:33:42.240Z",
    "user": 1,
    "content_type": 10,
    "object_id": "5",
    "object_repr": "1 - 2026-07-04",
    "action_flag": 1,
    "change_message": "[{\"added\": {}}]"
  }
},
{
  "model": "admin.logentry",
  "pk": 44,
  "fields": {
    "action_time": "2026-07-04T19:34:48.423Z",
    "user": 1,
    "content_type": 20,
    "object_id": "3",
    "object_repr": "GH-002 - bay 2",
    "action_flag": 1,
    "change_message": "[{\"added\": {}}]"
  }
},
{
  "model": "admin.logentry",
  "pk": 45,
  "fields": {
    "action_time": "2026-07-04T20:09:48.683Z",
    "user": 1,
    "content_type": 20,
    "object_id": "3",
    "object_repr": "GH-002 - bay 2",
    "action_flag": 2,
    "change_message": "[]"
  }
},
{
  "model": "admin.logentry",
  "pk": 46,
  "fields": {
    "action_time": "2026-07-04T20:50:27.946Z",
    "user": 1,
    "content_type": 15,
    "object_id": "1",
    "object_repr": "Pruning",
    "action_flag": 1,
    "change_message": "[{\"added\": {}}]"
  }
},
{
  "model": "admin.logentry",
  "pk": 47,
  "fields": {
    "action_time": "2026-07-04T20:50:54.517Z",
    "user": 1,
    "content_type": 15,
    "object_id": "2",
    "object_repr": "Nipping",
    "action_flag": 1,
    "change_message": "[{\"added\": {}}]"
  }
},
{
  "model": "admin.logentry",
  "pk": 48,
  "fields": {
    "action_time": "2026-07-04T20:51:15.375Z",
    "user": 1,
    "content_type": 15,
    "object_id": "3",
    "object_repr": "Scouting",
    "action_flag": 1,
    "change_message": "[{\"added\": {}}]"
  }
},
{
  "model": "admin.logentry",
  "pk": 49,
  "fields": {
    "action_time": "2026-07-04T20:55:03.366Z",
    "user": 1,
    "content_type": 17,
    "object_id": "1",
    "object_repr": "sw43555 - Beauveria",
    "action_flag": 1,
    "change_message": "[{\"added\": {}}]"
  }
},
{
  "model": "admin.logentry",
  "pk": 50,
  "fields": {
    "action_time": "2026-07-04T20:55:54.809Z",
    "user": 1,
    "content_type": 18,
    "object_id": "2",
    "object_repr": "Bacteria",
    "action_flag": 2,
    "change_message": "[{\"changed\": {\"fields\": [\"Category name\"]}}]"
  }
},
{
  "model": "admin.logentry",
  "pk": 51,
  "fields": {
    "action_time": "2026-07-04T20:57:33.749Z",
    "user": 1,
    "content_type": 27,
    "object_id": "1",
    "object_repr": "Nipping - 2026-07-04",
    "action_flag": 1,
    "change_message": "[{\"added\": {}}]"
  }
},
{
  "model": "admin.logentry",
  "pk": 52,
  "fields": {
    "action_time": "2026-07-04T21:02:50.191Z",
    "user": 1,
    "content_type": 15,
    "object_id": "4",
    "object_repr": "Spray",
    "action_flag": 1,
    "change_message": "[{\"added\": {}}]"
  }
},
{
  "model": "admin.logentry",
  "pk": 53,
  "fields": {
    "action_time": "2026-07-05T13:42:22.640Z",
    "user": 1,
    "content_type": 19,
    "object_id": "2",
    "object_repr": "Second season",
    "action_flag": 1,
    "change_message": "[{\"added\": {}}]"
  }
},
{
  "model": "admin.logentry",
  "pk": 54,
  "fields": {
    "action_time": "2026-07-05T13:45:10.435Z",
    "user": 1,
    "content_type": 25,
    "object_id": "4",
    "object_repr": "3",
    "action_flag": 1,
    "change_message": "[{\"added\": {}}]"
  }
},
{
  "model": "admin.logentry",
  "pk": 55,
  "fields": {
    "action_time": "2026-07-05T13:46:45.432Z",
    "user": 1,
    "content_type": 10,
    "object_id": "6",
    "object_repr": "1 - 2026-07-05",
    "action_flag": 1,
    "change_message": "[{\"added\": {}}]"
  }
},
{
  "model": "admin.logentry",
  "pk": 56,
  "fields": {
    "action_time": "2026-07-05T16:00:19.093Z",
    "user": 1,
    "content_type": 10,
    "object_id": "7",
    "object_repr": "1 - 2026-07-05",
    "action_flag": 1,
    "change_message": "[{\"added\": {}}]"
  }
},
{
  "model": "admin.logentry",
  "pk": 57,
  "fields": {
    "action_time": "2026-07-05T16:02:27.193Z",
    "user": 1,
    "content_type": 26,
    "object_id": "2",
    "object_repr": "2 - h500",
    "action_flag": 1,
    "change_message": "[{\"added\": {}}]"
  }
},
{
  "model": "admin.logentry",
  "pk": 58,
  "fields": {
    "action_time": "2026-07-05T16:09:07.384Z",
    "user": 1,
    "content_type": 11,
    "object_id": "1",
    "object_repr": "gy78 - h123445 - h5005",
    "action_flag": 2,
    "change_message": "[{\"changed\": {\"fields\": [\"Bay\", \"Bed code\", \"Bed name\"]}}]"
  }
},
{
  "model": "admin.logentry",
  "pk": 59,
  "fields": {
    "action_time": "2026-07-05T16:16:28.517Z",
    "user": 1,
    "content_type": 21,
    "object_id": "2",
    "object_repr": "Cucumber1",
    "action_flag": 1,
    "change_message": "[{\"added\": {}}]"
  }
},
{
  "model": "admin.logentry",
  "pk": 60,
  "fields": {
    "action_time": "2026-07-06T19:30:14.904Z",
    "user": 1,
    "content_type": 26,
    "object_id": "3",
    "object_repr": "2 - h5005",
    "action_flag": 1,
    "change_message": "[{\"added\": {}}]"
  }
},
{
  "model": "admin.logentry",
  "pk": 61,
  "fields": {
    "action_time": "2026-07-06T19:34:11.853Z",
    "user": 1,
    "content_type": 10,
    "object_id": "8",
    "object_repr": "2 - 2026-07-06",
    "action_flag": 1,
    "change_message": "[{\"added\": {}}]"
  }
},
{
  "model": "admin.logentry",
  "pk": 62,
  "fields": {
    "action_time": "2026-07-07T12:20:18.684Z",
    "user": 1,
    "content_type": 35,
    "object_id": "1",
    "object_repr": "sup001 - Gwani Agro",
    "action_flag": 1,
    "change_message": "[{\"added\": {}}]"
  }
},
{
  "model": "admin.logentry",
  "pk": 63,
  "fields": {
    "action_time": "2026-07-07T12:21:19.055Z",
    "user": 1,
    "content_type": 35,
    "object_id": "2",
    "object_repr": "sup002 - Wilson Thomas",
    "action_flag": 1,
    "change_message": "[{\"added\": {}}]"
  }
},
{
  "model": "admin.logentry",
  "pk": 64,
  "fields": {
    "action_time": "2026-07-07T12:22:19.785Z",
    "user": 1,
    "content_type": 34,
    "object_id": "1",
    "object_repr": "Beauveria (3 L)",
    "action_flag": 1,
    "change_message": "[{\"added\": {}}]"
  }
},
{
  "model": "admin.logentry",
  "pk": 65,
  "fields": {
    "action_time": "2026-07-08T11:49:11.534Z",
    "user": 1,
    "content_type": 11,
    "object_id": "2",
    "object_repr": "g78 - gh89oo - h500",
    "action_flag": 2,
    "change_message": "[{\"changed\": {\"fields\": [\"Bay\"]}}]"
  }
},
{
  "model": "admin.logentry",
  "pk": 66,
  "fields": {
    "action_time": "2026-07-08T11:52:25.537Z",
    "user": 1,
    "content_type": 11,
    "object_id": "4",
    "object_repr": "g78 - gh89oo - 4new123",
    "action_flag": 1,
    "change_message": "[{\"added\": {}}]"
  }
},
{
  "model": "admin.logentry",
  "pk": 67,
  "fields": {
    "action_time": "2026-07-08T12:03:43.424Z",
    "user": 1,
    "content_type": 20,
    "object_id": "2",
    "object_repr": "Shed net - bay 2",
    "action_flag": 3,
    "change_message": ""
  }
},
{
  "model": "admin.logentry",
  "pk": 68,
  "fields": {
    "action_time": "2026-07-08T12:09:29.548Z",
    "user": 1,
    "content_type": 9,
    "object_id": "2",
    "object_repr": "GH-001 - Greenhouse 1",
    "action_flag": 2,
    "change_message": "[{\"changed\": {\"fields\": [\"Greenhouse code\", \"Greenhouse name\", \"Greenhouse type\", \"Length m\", \"Width m\"]}}]"
  }
},
{
  "model": "admin.logentry",
  "pk": 69,
  "fields": {
    "action_time": "2026-07-08T12:09:34.828Z",
    "user": 1,
    "content_type": 9,
    "object_id": "2",
    "object_repr": "GH-001 - Greenhouse 1",
    "action_flag": 2,
    "change_message": "[{\"changed\": {\"fields\": [\"Greenhouse code\", \"Greenhouse name\", \"Greenhouse type\", \"Length m\", \"Width m\"]}}]"
  }
},
{
  "model": "admin.logentry",
  "pk": 70,
  "fields": {
    "action_time": "2026-07-08T12:11:34.998Z",
    "user": 1,
    "content_type": 9,
    "object_id": "1",
    "object_repr": "GH-002 - Greenhouse 2",
    "action_flag": 2,
    "change_message": "[{\"changed\": {\"fields\": [\"Greenhouse code\", \"Greenhouse name\", \"Location\", \"Greenhouse type\", \"Width m\"]}}]"
  }
},
{
  "model": "admin.logentry",
  "pk": 71,
  "fields": {
    "action_time": "2026-07-08T12:14:20.658Z",
    "user": 1,
    "content_type": 11,
    "object_id": "4",
    "object_repr": "GH-002 - h123445 - 4new123",
    "action_flag": 2,
    "change_message": "[{\"changed\": {\"fields\": [\"Bay\"]}}]"
  }
},
{
  "model": "admin.logentry",
  "pk": 72,
  "fields": {
    "action_time": "2026-07-08T12:28:25.272Z",
    "user": 1,
    "content_type": 11,
    "object_id": "5",
    "object_repr": "GH-002 - h123445 - 4new1236",
    "action_flag": 1,
    "change_message": "[{\"added\": {}}]"
  }
},
{
  "model": "admin.logentry",
  "pk": 73,
  "fields": {
    "action_time": "2026-07-08T12:34:02.786Z",
    "user": 1,
    "content_type": 26,
    "object_id": "4",
    "object_repr": "2 - 4new1236",
    "action_flag": 1,
    "change_message": "[{\"added\": {}}]"
  }
},
{
  "model": "admin.logentry",
  "pk": 74,
  "fields": {
    "action_time": "2026-07-10T09:58:20.560Z",
    "user": 1,
    "content_type": 25,
    "object_id": "5",
    "object_repr": "pc-1",
    "action_flag": 1,
    "change_message": "[{\"added\": {}}]"
  }
},
{
  "model": "admin.logentry",
  "pk": 75,
  "fields": {
    "action_time": "2026-07-10T09:59:52.193Z",
    "user": 1,
    "content_type": 25,
    "object_id": "4",
    "object_repr": "3",
    "action_flag": 3,
    "change_message": ""
  }
},
{
  "model": "admin.logentry",
  "pk": 76,
  "fields": {
    "action_time": "2026-07-10T10:02:30.237Z",
    "user": 1,
    "content_type": 11,
    "object_id": "6",
    "object_repr": "GH-002 - h123445 - b06",
    "action_flag": 1,
    "change_message": "[{\"added\": {}}]"
  }
},
{
  "model": "admin.logentry",
  "pk": 77,
  "fields": {
    "action_time": "2026-07-10T10:04:15.075Z",
    "user": 1,
    "content_type": 12,
    "object_id": "3",
    "object_repr": "Tomatoe - Cherry",
    "action_flag": 1,
    "change_message": "[{\"added\": {}}]"
  }
},
{
  "model": "admin.logentry",
  "pk": 78,
  "fields": {
    "action_time": "2026-07-10T10:06:43.937Z",
    "user": 1,
    "content_type": 26,
    "object_id": "5",
    "object_repr": "pc-1 - b06",
    "action_flag": 1,
    "change_message": "[{\"added\": {}}]"
  }
},
{
  "model": "admin.logentry",
  "pk": 79,
  "fields": {
    "action_time": "2026-07-10T10:11:15.002Z",
    "user": 1,
    "content_type": 27,
    "object_id": "8",
    "object_repr": "Spray - 2026-07-16",
    "action_flag": 3,
    "change_message": ""
  }
},
{
  "model": "admin.logentry",
  "pk": 80,
  "fields": {
    "action_time": "2026-07-10T10:11:15.002Z",
    "user": 1,
    "content_type": 27,
    "object_id": "7",
    "object_repr": "Spray - 2026-07-10",
    "action_flag": 3,
    "change_message": ""
  }
},
{
  "model": "admin.logentry",
  "pk": 81,
  "fields": {
    "action_time": "2026-07-10T10:11:15.002Z",
    "user": 1,
    "content_type": 27,
    "object_id": "3",
    "object_repr": "Nipping - 2026-07-10",
    "action_flag": 3,
    "change_message": ""
  }
},
{
  "model": "admin.logentry",
  "pk": 82,
  "fields": {
    "action_time": "2026-07-10T10:11:15.002Z",
    "user": 1,
    "content_type": 27,
    "object_id": "2",
    "object_repr": "Nipping - 2026-07-10",
    "action_flag": 3,
    "change_message": ""
  }
},
{
  "model": "admin.logentry",
  "pk": 83,
  "fields": {
    "action_time": "2026-07-10T10:11:15.002Z",
    "user": 1,
    "content_type": 27,
    "object_id": "5",
    "object_repr": "Spray - 2026-07-09",
    "action_flag": 3,
    "change_message": ""
  }
},
{
  "model": "admin.logentry",
  "pk": 84,
  "fields": {
    "action_time": "2026-07-10T10:11:15.002Z",
    "user": 1,
    "content_type": 27,
    "object_id": "1",
    "object_repr": "Nipping - 2026-07-04",
    "action_flag": 3,
    "change_message": ""
  }
},
{
  "model": "admin.logentry",
  "pk": 85,
  "fields": {
    "action_time": "2026-07-10T10:11:15.002Z",
    "user": 1,
    "content_type": 27,
    "object_id": "6",
    "object_repr": "Scouting - 2026-07-02",
    "action_flag": 3,
    "change_message": ""
  }
},
{
  "model": "admin.logentry",
  "pk": 86,
  "fields": {
    "action_time": "2026-07-10T10:11:15.010Z",
    "user": 1,
    "content_type": 27,
    "object_id": "4",
    "object_repr": "Pruning - 2026-07-01",
    "action_flag": 3,
    "change_message": ""
  }
},
{
  "model": "auth.user",
  "pk": 1,
  "fields": {
    "password": "pbkdf2_sha256$1000000$1htYGcYoaTxzTOCBUFrHW0$LCdih3O6wzV01P8IQ6YohddzvZpMR9GYcF5GSTLJC08=",
    "last_login": "2026-07-09T18:17:33.465Z",
    "is_superuser": true,
    "username": "admin",
    "first_name": "",
    "last_name": "",
    "email": "",
    "is_staff": true,
    "is_active": true,
    "date_joined": "2026-06-26T21:00:53.896Z",
    "groups": [],
    "user_permissions": []
  }
},
{
  "model": "sessions.session",
  "pk": "a5vf7uzf5z2yz9axpsus54oebi57hzt7",
  "fields": {
    "session_data": ".eJxVjMsOgjAUBf-la9P0CdSle76huY9iUdMmFFbGfxcSFro9M3PeIsK25ri1tMSZxVVocfndEOiZygH4AeVeJdWyLjPKQ5EnbXKsnF630_07yNDyXismq7gD7ydnAioyTjtO2vTkrEbUyULfodEBYSKPdjDeqKDcQOh2VXy-2cY3Rg:1whtJW:702njp70OugtkqVC7YB0MzCnOUGJ9Bav64YPmx6J1Rc",
    "expire_date": "2026-07-23T18:17:34.833Z"
  }
},
{
  "model": "sqlApp.farmer",
  "pk": 1,
  "fields": {
    "farmer_name": "Tunde Joseph",
    "phone": "08700987765",
    "location": "FCT Abuja"
  }
},
{
  "model": "sqlApp.farmer",
  "pk": 2,
  "fields": {
    "farmer_name": "Babayo Ali",
    "phone": "0988978687",
    "location": "Zamfara"
  }
},
{
  "model": "sqlApp.farmer",
  "pk": 3,
  "fields": {
    "farmer_name": "Wilfred Mathias",
    "phone": "080000000000",
    "location": "Kano"
  }
},
{
  "model": "sqlApp.crop",
  "pk": 1,
  "fields": {
    "crop_name": "Patatoes",
    "scientific_name": "C F1",
    "description": "Lorem ipsum dolor sit amet, consectetur adipiscing elit. Adipisci ullamco est dolorem ut cu",
    "is_active": true,
    "created_at": "2026-07-02T11:57:05Z"
  }
},
{
  "model": "sqlApp.crop",
  "pk": 2,
  "fields": {
    "crop_name": "Carrot",
    "scientific_name": "C F1",
    "description": "Lorem ipsum\" is a dummy or placeholder text commonly used in graphic design, publishing, and web development to preview layouts without distracting from the design with meaningful content \r\nWikipedia",
    "is_active": true,
    "created_at": "2026-07-02T11:57:05Z"
  }
},
{
  "model": "sqlApp.crop",
  "pk": 3,
  "fields": {
    "crop_name": "Tomatoe",
    "scientific_name": "Stilo F1",
    "description": "Lorem ipsum dolor sit amet, consectetur adipiscing elit. Adipisci ullamco est dolorem ut cu",
    "is_active": true,
    "created_at": "2026-07-02T11:57:05Z"
  }
},
{
  "model": "sqlApp.crop",
  "pk": 4,
  "fields": {
    "crop_name": "Cucumber",
    "scientific_name": "Stilo F1",
    "description": "Lorem ipsum\" is a dummy or placeholder text commonly used in graphic design, publishing, and web development to preview layouts without distracting from the design with meaningful content \r\nWikipedia\r\nWikipedia",
    "is_active": true,
    "created_at": "2026-07-02T11:57:05Z"
  }
},
{
  "model": "sqlApp.cropvariety",
  "pk": 1,
  "fields": {
    "crop": 4,
    "variety_name": "Stilo",
    "expected_yield_per_plant": "4.00",
    "maturity_days": 30,
    "plant_spacing_cm": 20,
    "row_spacing_cm": 30,
    "is_active": true
  }
},
{
  "model": "sqlApp.cropvariety",
  "pk": 2,
  "fields": {
    "crop": 3,
    "variety_name": "Eva",
    "expected_yield_per_plant": "4.00",
    "maturity_days": 60,
    "plant_spacing_cm": 30,
    "row_spacing_cm": 30,
    "is_active": true
  }
},
{
  "model": "sqlApp.cropvariety",
  "pk": 3,
  "fields": {
    "crop": 3,
    "variety_name": "Cherry",
    "expected_yield_per_plant": "3.00",
    "maturity_days": 60,
    "plant_spacing_cm": 40,
    "row_spacing_cm": 40,
    "is_active": true
  }
},
{
  "model": "sqlApp.greenhouse",
  "pk": 1,
  "fields": {
    "greenhouse_code": "GH-002",
    "greenhouse_name": "Greenhouse 2",
    "location": "Damakusa",
    "greenhouse_type": "Multi-Span",
    "length_m": "114.00",
    "width_m": "50.00",
    "status": "Active",
    "created_at": "2026-07-01T18:57:41Z",
    "updated_at": "2026-07-08T12:11:34.953Z"
  }
},
{
  "model": "sqlApp.greenhouse",
  "pk": 2,
  "fields": {
    "greenhouse_code": "GH-001",
    "greenhouse_name": "Greenhouse 1",
    "location": "Damakusa",
    "greenhouse_type": "Multi-Span",
    "length_m": "114.00",
    "width_m": "50.00",
    "status": "Active",
    "created_at": "2026-07-01T18:57:41Z",
    "updated_at": "2026-07-08T12:09:33.834Z"
  }
},
{
  "model": "sqlApp.greenhouse",
  "pk": 3,
  "fields": {
    "greenhouse_code": "h290",
    "greenhouse_name": "Shed net",
    "location": "Damakusa",
    "greenhouse_type": "Tunnel",
    "length_m": "50.00",
    "width_m": "8.00",
    "status": "Active",
    "created_at": "2026-07-01T18:57:41Z",
    "updated_at": "2026-07-03T18:58:48.170Z"
  }
},
{
  "model": "sqlApp.harvest",
  "pk": 5,
  "fields": {
    "production_cycle_bed": 1,
    "harvest_grade": 1,
    "harvest_date": "2026-07-04",
    "quantity_kg": "50.00",
    "crates": 2,
    "average_fruit_weight_g": "40.00",
    "harvested_by": 1,
    "remarks": "Aliquip incididunt veritatis explicabo qui magnam est reprehenderit sed consequuntur quasi. Dui",
    "created_at": "2026-07-04T09:32:47Z"
  }
},
{
  "model": "sqlApp.harvest",
  "pk": 6,
  "fields": {
    "production_cycle_bed": 1,
    "harvest_grade": 1,
    "harvest_date": "2026-07-05",
    "quantity_kg": "200.00",
    "crates": 10,
    "average_fruit_weight_g": "200.00",
    "harvested_by": 1,
    "remarks": "Lorem ipsum dolor sit amet, consectetur adipiscing elit. Morbi eros urna, efficitur vel nunc id, euismod facilisis urna. Quisque mi m",
    "created_at": "2026-07-05T13:45:42Z"
  }
},
{
  "model": "sqlApp.harvest",
  "pk": 7,
  "fields": {
    "production_cycle_bed": 1,
    "harvest_grade": 1,
    "harvest_date": "2026-07-05",
    "quantity_kg": "400.00",
    "crates": 15,
    "average_fruit_weight_g": "400.00",
    "harvested_by": 1,
    "remarks": "",
    "created_at": "2026-07-05T15:58:34Z"
  }
},
{
  "model": "sqlApp.harvest",
  "pk": 8,
  "fields": {
    "production_cycle_bed": 3,
    "harvest_grade": 1,
    "harvest_date": "2026-07-06",
    "quantity_kg": "600.00",
    "crates": 20,
    "average_fruit_weight_g": "600.00",
    "harvested_by": 1,
    "remarks": "",
    "created_at": "2026-07-06T19:33:32Z"
  }
},
{
  "model": "sqlApp.season",
  "pk": 1,
  "fields": {
    "season_name": "First season",
    "season_type": "Rainy",
    "start_date": "2026-07-06",
    "end_date": "2026-07-14",
    "is_active": true,
    "created_at": "2026-07-03T20:08:37.541Z"
  }
},
{
  "model": "sqlApp.season",
  "pk": 2,
  "fields": {
    "season_name": "Second season",
    "season_type": "Dry",
    "start_date": "2026-07-05",
    "end_date": "2026-07-31",
    "is_active": true,
    "created_at": "2026-07-05T13:42:22.591Z"
  }
},
{
  "model": "sqlApp.productioncycle",
  "pk": 1,
  "fields": {
    "cycle_number": "pcwe45",
    "greenhouse": 3,
    "season": 1,
    "crop_variety": 1,
    "responsible_staff": 1,
    "nursery_batch": 1,
    "nursery_date": "2026-07-03",
    "expected_transplant_date": "2026-07-03",
    "actual_transplant_date": "2026-07-16",
    "expected_first_harvest": "2026-07-23",
    "expected_last_harvest": "2026-07-31",
    "status": "Planning",
    "notes": "\"Lorem\" is part of the placeholder text \"Lorem ipsum,\" which is scrambled Latin used as dummy text in design and typesetting, and it does not have a literal meaning in modern usage",
    "created_at": "2026-07-03T20:12:13.690Z",
    "updated_at": "2026-07-03T20:12:13.690Z"
  }
},
{
  "model": "sqlApp.productioncycle",
  "pk": 2,
  "fields": {
    "cycle_number": "1",
    "greenhouse": 2,
    "season": 1,
    "crop_variety": 2,
    "responsible_staff": 1,
    "nursery_batch": 1,
    "nursery_date": "2026-07-04",
    "expected_transplant_date": "2026-07-23",
    "actual_transplant_date": "2026-07-23",
    "expected_first_harvest": "2026-07-31",
    "expected_last_harvest": "2026-08-20",
    "status": "Nursery",
    "notes": "production Lorem ipsum dolor sit amet, consectetur adipiscing elit. Adipisci ullamco est dolorem ut cupiditate at non amet laboris numquam quia adipiscing. Magna nemo accusamus amet dolores labore dui",
    "created_at": "2026-07-04T08:39:01.046Z",
    "updated_at": "2026-07-04T08:39:01.046Z"
  }
},
{
  "model": "sqlApp.productioncycle",
  "pk": 3,
  "fields": {
    "cycle_number": "2",
    "greenhouse": 2,
    "season": 1,
    "crop_variety": 1,
    "responsible_staff": 1,
    "nursery_batch": 1,
    "nursery_date": "2026-07-04",
    "expected_transplant_date": "2026-07-23",
    "actual_transplant_date": "2026-07-23",
    "expected_first_harvest": "2026-07-31",
    "expected_last_harvest": "2026-08-20",
    "status": "Growing",
    "notes": "Lorem ipsum dolor sit amet, consectetur adipiscing elit. Adipisci ullamco est dolorem ut cupiditate at non amet laboris numquam quia adipiscing. Magna nemo accusamus amet dolores labore dui",
    "created_at": "2026-07-04T08:52:52.028Z",
    "updated_at": "2026-07-04T08:52:52.028Z"
  }
},
{
  "model": "sqlApp.productioncycle",
  "pk": 5,
  "fields": {
    "cycle_number": "pc-1",
    "greenhouse": 1,
    "season": 1,
    "crop_variety": 2,
    "responsible_staff": 1,
    "nursery_batch": 2,
    "nursery_date": "2026-07-10",
    "expected_transplant_date": "2026-07-18",
    "actual_transplant_date": "2026-07-17",
    "expected_first_harvest": "2026-07-30",
    "expected_last_harvest": "2026-07-31",
    "status": "Growing",
    "notes": "",
    "created_at": "2026-07-10T09:58:17.992Z",
    "updated_at": "2026-07-10T09:58:17.992Z"
  }
},
{
  "model": "sqlApp.productioncyclebed",
  "pk": 1,
  "fields": {
    "production_cycle": 2,
    "bed": 2,
    "transplanted_seedlings": 200,
    "transplant_date": "2026-07-04",
    "status": "Transplanted",
    "notes": "Aliquip incididunt veritatis explicabo qui magnam est reprehenderit sed consequuntur quasi. Dui",
    "created_at": "2026-07-04T09:30:55.714Z"
  }
},
{
  "model": "sqlApp.productioncyclebed",
  "pk": 2,
  "fields": {
    "production_cycle": 3,
    "bed": 2,
    "transplanted_seedlings": 4000,
    "transplant_date": "2026-07-05",
    "status": "Transplanted",
    "notes": "",
    "created_at": "2026-07-05T16:02:27.186Z"
  }
},
{
  "model": "sqlApp.productioncyclebed",
  "pk": 3,
  "fields": {
    "production_cycle": 3,
    "bed": 1,
    "transplanted_seedlings": 5000,
    "transplant_date": "2026-07-06",
    "status": "Transplanted",
    "notes": "",
    "created_at": "2026-07-06T19:30:13.442Z"
  }
},
{
  "model": "sqlApp.productioncyclebed",
  "pk": 4,
  "fields": {
    "production_cycle": 3,
    "bed": 5,
    "transplanted_seedlings": 1000,
    "transplant_date": "2026-07-07",
    "status": "Growing",
    "notes": "",
    "created_at": "2026-07-08T12:34:01.204Z"
  }
},
{
  "model": "sqlApp.productioncyclebed",
  "pk": 5,
  "fields": {
    "production_cycle": 5,
    "bed": 6,
    "transplanted_seedlings": 1000,
    "transplant_date": "2026-07-07",
    "status": "Growing",
    "notes": "",
    "created_at": "2026-07-10T10:06:43.745Z"
  }
},
{
  "model": "sqlApp.harvestgrade",
  "pk": 1,
  "fields": {
    "grade_code": "12899",
    "grade_name": "G-A",
    "description": "Aliquip incididunt veritatis explicabo qui magnam est reprehenderit sed consequuntur quasi. Dui",
    "is_marketable": true,
    "created_at": "2026-07-04T09:31:30Z"
  }
},
{
  "model": "sqlApp.harvestgrade",
  "pk": 2,
  "fields": {
    "grade_code": "g6",
    "grade_name": "G-B",
    "description": "Aliquip incididunt veritatis explicabo qui magnam est reprehenderit sed consequuntur quasi. Dui",
    "is_marketable": true,
    "created_at": "2026-07-04T09:31:58Z"
  }
},
{
  "model": "sqlApp.operationtype",
  "pk": 1,
  "fields": {
    "maintenance_name": "Pruning",
    "description": "Lorem ipsum dolor sit amet, consectetur adipiscing elit. Morbi eros urna, efficitur vel nunc id, euismod facilisis urna. Quisque mi mi, convallis sed felis vel, tempu…",
    "requires_product": false,
    "requires_quantity": false,
    "requires_unit": false,
    "requires_cost": false,
    "requires_remarks": false,
    "deduct_inventory": false,
    "affects_crop": true,
    "is_active": true,
    "created_at": "2026-07-04T20:50:27.330Z"
  }
},
{
  "model": "sqlApp.operationtype",
  "pk": 2,
  "fields": {
    "maintenance_name": "Nipping",
    "description": "Lorem ipsum dolor sit amet, consectetur adipiscing elit. Morbi eros urna, efficitur vel nunc id, euismod facilisis urna. Quisque mi mi, convallis sed felis vel, tempu…",
    "requires_product": false,
    "requires_quantity": false,
    "requires_unit": false,
    "requires_cost": false,
    "requires_remarks": false,
    "deduct_inventory": false,
    "affects_crop": true,
    "is_active": true,
    "created_at": "2026-07-04T20:50:53.954Z"
  }
},
{
  "model": "sqlApp.operationtype",
  "pk": 3,
  "fields": {
    "maintenance_name": "Scouting",
    "description": "Lorem ipsum dolor sit amet, consectetur adipiscing elit. Morbi eros urna, efficitur vel nunc id, euismod facilisis urna. Quisque mi mi, convallis sed felis vel, tempu…",
    "requires_product": false,
    "requires_quantity": false,
    "requires_unit": false,
    "requires_cost": false,
    "requires_remarks": false,
    "deduct_inventory": false,
    "affects_crop": true,
    "is_active": true,
    "created_at": "2026-07-04T20:51:15.135Z"
  }
},
{
  "model": "sqlApp.operationtype",
  "pk": 4,
  "fields": {
    "maintenance_name": "Spray",
    "description": "Lorem ipsum dolor sit amet, consectetur adipiscing elit. Morbi eros urna, efficitur vel nunc id, euismod facilisis urna. Quisque mi mi, convallis sed felis vel, tempu…",
    "requires_product": false,
    "requires_quantity": false,
    "requires_unit": false,
    "requires_cost": false,
    "requires_remarks": false,
    "deduct_inventory": false,
    "affects_crop": true,
    "is_active": true,
    "created_at": "2026-07-04T21:02:49.978Z"
  }
},
{
  "model": "sqlApp.operationlog",
  "pk": 10,
  "fields": {
    "operation_number": "OP00001",
    "production_cycle": 3,
    "greenhouse": 2,
    "bay": null,
    "apply_to": "BEDS",
    "maintenance_type": 4,
    "activity_date": "2026-07-09",
    "product": 1,
    "quantity": "4.00",
    "unit": "LITER",
    "product_cost": "60000.00",
    "labour_cost": "4000.00",
    "remarks": "",
    "status": "Completed",
    "performed_by": 1,
    "created_at": "2026-07-11T21:46:19.462Z"
  }
},
{
  "model": "sqlApp.operationlog",
  "pk": 11,
  "fields": {
    "operation_number": "OP00002",
    "production_cycle": 3,
    "greenhouse": 2,
    "bay": null,
    "apply_to": "BEDS",
    "maintenance_type": 1,
    "activity_date": "2026-07-09",
    "product": null,
    "quantity": null,
    "unit": "",
    "product_cost": "0.00",
    "labour_cost": "2000.00",
    "remarks": "We hire only one casual today",
    "status": "Completed",
    "performed_by": 1,
    "created_at": "2026-07-12T11:42:07.958Z"
  }
},
{
  "model": "sqlApp.operationbed",
  "pk": 1,
  "fields": {
    "operation": 10,
    "bed": 1,
    "created_at": "2026-07-11T21:46:21.526Z"
  }
},
{
  "model": "sqlApp.operationbed",
  "pk": 2,
  "fields": {
    "operation": 11,
    "bed": 5,
    "created_at": "2026-07-12T11:42:13.342Z"
  }
},
{
  "model": "sqlApp.productcategory",
  "pk": 1,
  "fields": {
    "category_name": "Vegetables",
    "description": "Lorem ipsum dolor sit amet, consectetur adipiscing elit. Adipisci ullamco est dolorem ut cu",
    "is_active": true,
    "created_at": "2026-07-04T09:00:34.214Z"
  }
},
{
  "model": "sqlApp.productcategory",
  "pk": 2,
  "fields": {
    "category_name": "Bacteria",
    "description": "Lorem ipsum dolor sit amet, consectetur adipiscing elit. Adipisci ullamco est dolorem ut cu",
    "is_active": true,
    "created_at": "2026-07-04T09:01:02.041Z"
  }
},
{
  "model": "sqlApp.product",
  "pk": 1,
  "fields": {
    "category": 2,
    "product_code": "sw43555",
    "product_name": "Beauveria",
    "brand": "Bacteria",
    "unit": "L",
    "minimum_stock": "5.00",
    "unit_cost": "15000.00",
    "current_stock": "0.00",
    "is_active": true,
    "created_at": "2026-07-04T20:55:03.190Z"
  }
},
{
  "model": "sqlApp.inventorytransaction",
  "pk": 1,
  "fields": {
    "product": 1,
    "transaction_type": "Issue",
    "quantity": "3.00",
    "transaction_date": "2026-07-04",
    "unit_cost": "15000.00",
    "reference": "Maintenance #1",
    "performed_by": 1,
    "remarks": "Automatically generated from Nipping",
    "created_at": "2026-07-04T20:57:32.861Z"
  }
},
{
  "model": "sqlApp.inventorytransaction",
  "pk": 2,
  "fields": {
    "product": 1,
    "transaction_type": "Issue",
    "quantity": "4.00",
    "transaction_date": "2026-07-10",
    "unit_cost": "15000.00",
    "reference": "Maintenance #2",
    "performed_by": 1,
    "remarks": "Automatically generated from Nipping",
    "created_at": "2026-07-04T20:58:55.856Z"
  }
},
{
  "model": "sqlApp.inventorytransaction",
  "pk": 3,
  "fields": {
    "product": 1,
    "transaction_type": "Issue",
    "quantity": "4.00",
    "transaction_date": "2026-07-10",
    "unit_cost": "15000.00",
    "reference": "Maintenance #3",
    "performed_by": 1,
    "remarks": "Automatically generated from Nipping",
    "created_at": "2026-07-04T21:00:07.801Z"
  }
},
{
  "model": "sqlApp.inventorytransaction",
  "pk": 4,
  "fields": {
    "product": 1,
    "transaction_type": "Issue",
    "quantity": "2.00",
    "transaction_date": "2026-07-10",
    "unit_cost": "15000.00",
    "reference": "Maintenance #7",
    "performed_by": 1,
    "remarks": "Automatically generated from Spray",
    "created_at": "2026-07-09T18:22:26.418Z"
  }
},
{
  "model": "sqlApp.inventorytransaction",
  "pk": 5,
  "fields": {
    "product": 1,
    "transaction_type": "Issue",
    "quantity": "1.00",
    "transaction_date": "2026-07-16",
    "unit_cost": "15000.00",
    "reference": "Maintenance #8",
    "performed_by": 1,
    "remarks": "Automatically generated from Spray",
    "created_at": "2026-07-09T18:25:05.463Z"
  }
},
{
  "model": "sqlApp.inventorytransaction",
  "pk": 6,
  "fields": {
    "product": 1,
    "transaction_type": "Issue",
    "quantity": "2.00",
    "transaction_date": "2026-07-10",
    "unit_cost": "15000.00",
    "reference": "Maintenance #9",
    "performed_by": 1,
    "remarks": "Automatically generated from Spray",
    "created_at": "2026-07-10T10:41:03.416Z"
  }
},
{
  "model": "sqlApp.inventorytransaction",
  "pk": 7,
  "fields": {
    "product": 1,
    "transaction_type": "Issue",
    "quantity": "4.00",
    "transaction_date": "2026-07-09",
    "unit_cost": "15000.00",
    "reference": "Maintenance #10",
    "performed_by": 1,
    "remarks": "Automatically generated from Spray",
    "created_at": "2026-07-11T21:46:20.758Z"
  }
},
{
  "model": "sqlApp.nurserybatch",
  "pk": 1,
  "fields": {
    "batch_number": "ns235t",
    "crop_variety": 1,
    "season": 1,
    "sowing_date": "2026-07-05",
    "expected_germination_date": "2026-07-05",
    "expected_transplant_date": "2026-07-03",
    "seeds_sown": 1000,
    "trays_used": 5,
    "status": "Seeded",
    "remarks": "\"Lorem\" is part of the placeholder text \"Lorem ipsum,\" which is scrambled Latin used as dummy text in design and typesetting, and it does not have a literal meaning in modern usage",
    "created_at": "2026-07-03T20:10:59.557Z"
  }
},
{
  "model": "sqlApp.nurserybatch",
  "pk": 2,
  "fields": {
    "batch_number": "Cucumber1",
    "crop_variety": 1,
    "season": 2,
    "sowing_date": "2026-06-02",
    "expected_germination_date": "2026-07-08",
    "expected_transplant_date": "2026-07-24",
    "seeds_sown": 6000,
    "trays_used": 50,
    "status": "Germinating",
    "remarks": "",
    "created_at": "2026-07-05T16:16:27.906Z"
  }
},
{
  "model": "sqlApp.bay",
  "pk": 1,
  "fields": {
    "greenhouse": 1,
    "bay_code": "h123445",
    "bay_name": "Bay 1",
    "description": "Lorem Generator is a tool to create Lorem Ipsum placeholder text for web, print, and graphic design layouts. You can choose the number, case, HTML tags, and classes of words, sentences, paragraph",
    "is_active": true,
    "created_at": "2026-07-03T18:50:23.232Z"
  }
},
{
  "model": "sqlApp.bay",
  "pk": 3,
  "fields": {
    "greenhouse": 2,
    "bay_code": "gh89oo",
    "bay_name": "bay 2",
    "description": "vfvfhfjytiiy",
    "is_active": true,
    "created_at": "2026-07-04T19:34:45.737Z"
  }
},
{
  "model": "sqlApp.bed",
  "pk": 1,
  "fields": {
    "bay": 1,
    "bed_code": "h5005",
    "bed_name": "Bed 4",
    "length_m": "45.00",
    "width_m": "1.00",
    "capacity": 50,
    "status": "Occupied",
    "created_at": "2026-07-02T11:33:43Z"
  }
},
{
  "model": "sqlApp.bed",
  "pk": 2,
  "fields": {
    "bay": 3,
    "bed_code": "h500",
    "bed_name": "Bed 1",
    "length_m": "45.00",
    "width_m": "1.00",
    "capacity": 115,
    "status": "Occupied",
    "created_at": "2026-07-03T18:51:22Z"
  }
},
{
  "model": "sqlApp.bed",
  "pk": 4,
  "fields": {
    "bay": 1,
    "bed_code": "4new123",
    "bed_name": "Bed 1",
    "length_m": "45.00",
    "width_m": "1.00",
    "capacity": 115,
    "status": "Occupied",
    "created_at": "2026-07-08T11:50:23Z"
  }
},
{
  "model": "sqlApp.bed",
  "pk": 5,
  "fields": {
    "bay": 1,
    "bed_code": "4new1236",
    "bed_name": "Bed 2",
    "length_m": "45.00",
    "width_m": "1.00",
    "capacity": 110,
    "status": "Occupied",
    "created_at": "2026-07-08T12:15:15Z"
  }
},
{
  "model": "sqlApp.bed",
  "pk": 6,
  "fields": {
    "bay": 1,
    "bed_code": "b06",
    "bed_name": "Bed 1",
    "length_m": "45.00",
    "width_m": "1.00",
    "capacity": 100,
    "status": "Occupied",
    "created_at": "2026-07-10T10:01:19Z"
  }
},
{
  "model": "sqlApp.supplier",
  "pk": 1,
  "fields": {
    "supplier_code": "sup001",
    "supplier_name": "Gwani Agro",
    "contact_person": "Zamani",
    "phone": "080998008090",
    "email": "za@yahoo.com",
    "address": "Jabi",
    "is_active": true,
    "created_at": "2026-07-07T12:20:18.286Z"
  }
},
{
  "model": "sqlApp.supplier",
  "pk": 2,
  "fields": {
    "supplier_code": "sup002",
    "supplier_name": "Wilson Thomas",
    "contact_person": "Zirao Fem",
    "phone": "090765656",
    "email": "Zia@yahoo.com",
    "address": "Kano",
    "is_active": true,
    "created_at": "2026-07-07T12:21:18.971Z"
  }
},
{
  "model": "sqlApp.stockreceipt",
  "pk": 1,
  "fields": {
    "product": 1,
    "quantity": "3.00",
    "supplier": 1,
    "received_date": "2026-07-07",
    "received_by": 1,
    "remarks": "Well received",
    "created_at": "2026-07-07T12:22:19.030Z"
  }
}
]
